{
    "best_vector": [
        19.87552824499435,
        2.9769457299528286,
        16.696873925316254,
        2.5470539709238205,
        0.27102178338810434,
        41.329237474763005,
        29.455142944699595,
        -3.0347148473267502
    ],
    "best_fitness": 0.010999977588653564
}