{
    "best_vector": [
        19.063687527415507,
        2.8245382099285132,
        17.943794815224912,
        2.6989944337295713,
        0.22946310524417202,
        50.38155872827747,
        24.019185343387683,
        -3.0429975145620545
    ],
    "best_fitness": 0.012666642665863037
}