{
    "test_loss": 0.030982730910182,
    "test_accuracy": 0.9900000095367432,
    "best_parameters": {
        "filters1": 19,
        "kernel1": 3,
        "filters2": 18,
        "kernel2": 3,
        "dropout_rate": 0.22946310524417202,
        "dense1": 50,
        "dense2": 24,
        "learning_rate": 0.0009057377843594462
    }
}