{
    "test_loss": 0.026059716939926147,
    "test_accuracy": 0.9925000071525574,
    "best_parameters": {
        "filters1": 20,
        "kernel1": 3,
        "filters2": 17,
        "kernel2": 3,
        "dropout_rate": 0.27102178338810434,
        "dense1": 41,
        "dense2": 29,
        "learning_rate": 0.0009231773756623932
    }
}